symbol,direction,entry_date,entry_price,sl,target,exit_price,outcome,hold_bars,pnl_pct,R,grade,score,patterns,rsi,rs_vs_nifty,near_52wh,near_52wl
RELIANCE,long,2025-04-29,1371.69,1316.94,1535.94,1428.49,TIME_EXIT,15,4.04,1.04,A,80.0,breakout_5d_high,70.0,1.036,False,False
RELIANCE,long,2025-05-16,1453.93,1395.76,1628.44,1395.06,SL,11,-4.15,-1.01,S,90.0,breakout_5d_high,75.0,1.092,True,False
RELIANCE,long,2025-11-21,1541.77,1479.81,1727.65,1555.72,TIME_EXIT,15,0.8,0.23,S,90.0,breakout_5d_high,73.0,1.044,True,False
TCS,short,2023-11-10,3336.33,3387.88,3181.68,3389.57,SL,2,-1.7,-1.03,A,80.0,"bearish_engulfing,bearish_marubozu",37.0,0.947,False,False
TCS,short,2024-06-03,3730.93,3877.77,3290.41,3879.71,SL,4,-4.09,-1.01,A,80.0,breakout_5d_low,28.0,0.955,False,False
TCS,short,2024-10-14,4137.93,4303.9,3640.02,3966.13,TIME_EXIT,15,4.05,1.04,A,80.0,"bearish_pin_bar,breakout_5d_low",30.0,0.934,True,False
TCS,short,2025-02-14,3923.04,4079.45,3453.81,3591.44,TIME_EXIT,15,8.35,2.12,S,90.0,breakout_5d_low,30.0,0.955,False,True
TCS,short,2025-04-04,3360.92,3497.05,2952.53,3498.8,SL,15,-4.2,-1.01,S,95.0,"bearish_marubozu,breakout_5d_low",39.0,0.915,False,True
TCS,short,2025-04-07,3098.45,3230.43,2702.51,3232.05,SL,1,-4.41,-1.01,S,90.0,breakout_5d_low,31.0,0.907,False,True
TCS,short,2025-06-13,3391.5,3502.3,3059.1,3504.05,SL,1,-3.42,-1.02,B,75.0,bearish_engulfing,38.0,0.966,False,False
TCS,short,2025-07-14,3264.37,3395.01,2872.45,3075.94,TIME_EXIT,15,5.67,1.44,S,90.0,breakout_5d_low,30.0,0.932,False,True
TCS,short,2025-07-15,3204.4,3333.31,2817.67,3065.43,TIME_EXIT,15,4.24,1.08,S,90.0,breakout_5d_low,26.0,0.917,False,True
TCS,short,2025-09-26,2939.53,3057.83,2584.63,3059.36,SL,8,-4.18,-1.01,S,95.0,"bearish_marubozu,breakout_5d_low",40.0,0.941,False,True
TCS,short,2025-09-29,2914.54,3030.5,2566.66,3032.02,SL,6,-4.13,-1.01,S,90.0,breakout_5d_low,38.0,0.931,False,True
TCS,short,2026-02-09,2957.62,3075.28,2604.64,2605.94,TARGET,4,11.79,2.99,S,90.0,breakout_5d_low,30.0,0.925,False,True
TCS,short,2026-05-08,2396.8,2492.86,2108.62,2277.34,TIME_EXIT,12,4.88,1.24,S,95.0,"bearish_marubozu,breakout_5d_low",28.0,0.926,False,True
INFY,short,2024-04-18,1420.39,1476.97,1250.65,1425.61,TIME_EXIT,15,-0.47,-0.09,S,90.0,"bearish_marubozu,breakout_5d_low",26.0,0.855,False,False
INFY,short,2024-04-19,1384.31,1441.08,1214.0,1441.8,SL,2,-4.25,-1.01,A,80.0,bearish_pin_bar,30.0,0.87,False,False
INFY,short,2025-04-09,1404.35,1461.5,1232.9,1462.23,SL,5,-4.22,-1.01,S,90.0,bearish_pin_bar,30.0,0.848,False,True
INFY,short,2025-10-20,1452.97,1510.61,1280.05,1511.37,SL,2,-4.12,-1.01,A,80.0,breakout_5d_low,48.0,0.925,False,False
INFY,short,2026-04-27,1154.02,1200.2,1015.48,1143.07,TIME_EXIT,15,0.85,0.24,S,95.0,breakout_5d_low,27.0,0.865,False,True
INFY,short,2026-05-13,1136.03,1181.64,999.2,1182.23,SL,4,-4.17,-1.01,S,90.0,breakout_5d_low,26.0,0.911,False,True
HDFCBANK,long,2024-06-20,835.32,802.17,934.77,801.77,SL,15,-4.12,-1.01,A,80.0,breakout_5d_high,71.0,1.089,False,False
HDFCBANK,long,2024-10-22,865.46,830.89,969.17,858.67,TIME_EXIT,15,-0.88,-0.2,S,90.0,breakout_5d_high,50.0,1.033,True,False
HDFCBANK,long,2025-04-16,942.37,905.07,1054.27,944.38,TIME_EXIT,15,0.11,0.05,S,90.0,breakout_5d_high,63.0,1.05,True,False
HDFCBANK,long,2025-04-21,962.48,924.35,1076.87,960.82,TIME_EXIT,15,-0.27,-0.04,S,90.0,breakout_5d_high,62.0,1.052,True,False
HDFCBANK,long,2025-04-23,989.94,950.71,1107.63,950.24,SL,2,-4.11,-1.01,S,90.0,breakout_5d_high,68.0,1.066,True,False
ICICIBANK,long,2024-01-24,1029.96,988.8,1153.44,988.31,SL,1,-4.14,-1.01,A,80.0,breakout_5d_high,67.0,1.04,False,False
ICICIBANK,long,2024-10-29,1302.0,1250.29,1457.13,1249.67,SL,9,-4.12,-1.01,S,90.0,breakout_5d_high,65.0,1.064,True,False
ICICIBANK,long,2024-10-30,1324.66,1271.39,1484.47,1270.76,SL,3,-4.17,-1.01,S,100.0,"bullish_marubozu,breakout_5d_high",70.0,1.104,True,False
ICICIBANK,long,2024-11-26,1311.26,1259.22,1467.38,1333.08,TIME_EXIT,15,1.56,0.42,S,90.0,breakout_5d_high,53.0,1.046,True,False
SBIN,long,2024-02-08,680.74,653.73,761.77,761.39,TARGET,5,11.75,2.99,A,85.0,"bullish_marubozu,breakout_5d_high",65.0,1.056,False,False
SBIN,long,2024-04-30,826.91,793.85,926.09,793.46,SL,4,-4.15,-1.01,A,85.0,breakout_5d_high,69.0,1.101,False,False
SBIN,long,2024-05-06,835.42,802.16,935.2,801.76,SL,1,-4.13,-1.01,B,75.0,bullish_pin_bar,68.0,1.084,False,False
SBIN,long,2024-11-06,849.62,815.65,951.53,815.25,SL,5,-4.15,-1.01,S,95.0,breakout_5d_high,63.0,1.123,True,False
SBIN,long,2025-04-21,803.4,771.5,899.1,771.12,SL,10,-4.12,-1.01,A,80.0,breakout_5d_high,58.0,1.041,False,False
SBIN,long,2025-04-22,821.56,788.89,919.57,788.5,SL,3,-4.12,-1.01,A,80.0,breakout_5d_high,65.0,1.069,False,False
SBIN,long,2025-07-17,838.82,811.67,920.27,811.26,SL,4,-3.39,-1.01,S,95.0,"bullish_marubozu,breakout_5d_high",72.0,1.034,True,False
SBIN,long,2025-08-12,825.36,792.42,924.18,809.0,TIME_EXIT,15,-2.08,-0.5,S,95.0,"bullish_marubozu,breakout_5d_high",56.0,1.039,True,False
SBIN,long,2026-01-29,1063.53,1022.03,1188.03,1021.52,SL,2,-4.05,-1.01,S,95.0,"bullish_pin_bar,breakout_5d_high",70.0,1.118,True,False
SBIN,long,2026-02-10,1151.58,1105.74,1289.1,1173.91,TIME_EXIT,15,1.84,0.49,S,95.0,breakout_5d_high,70.0,1.137,True,False
SBIN,long,2026-02-13,1189.59,1141.89,1332.69,1141.32,SL,14,-4.16,-1.01,S,95.0,breakout_5d_high,74.0,1.153,True,False
BHARTIARTL,long,2023-09-29,932.47,908.87,1003.27,938.83,TIME_EXIT,15,0.58,0.27,A,80.0,breakout_5d_high,71.0,1.069,False,False
BHARTIARTL,long,2024-03-18,1225.61,1176.81,1372.01,1228.79,TIME_EXIT,15,0.16,0.07,A,85.0,"bullish_marubozu,breakout_5d_high",72.0,1.083,False,False
BHARTIARTL,long,2024-04-04,1232.57,1183.54,1379.66,1182.94,SL,2,-4.13,-1.01,B,75.0,bullish_engulfing,55.0,1.081,False,False
BHARTIARTL,long,2024-04-22,1304.65,1253.09,1459.33,1283.66,TIME_EXIT,15,-1.71,-0.41,A,80.0,"bullish_pin_bar,breakout_5d_high",66.0,1.048,False,False
BHARTIARTL,long,2024-05-17,1354.28,1300.48,1515.68,1299.83,SL,11,-4.12,-1.01,A,80.0,breakout_5d_high,52.0,1.093,False,False
BHARTIARTL,long,2024-06-03,1416.01,1361.1,1580.74,1360.42,SL,1,-4.03,-1.01,B,75.0,bullish_pin_bar,74.0,1.058,False,False
BHARTIARTL,long,2024-06-06,1359.68,1305.91,1520.99,1520.23,TARGET,15,11.71,2.99,B,75.0,bullish_pin_bar,57.0,1.031,False,False
BHARTIARTL,long,2024-06-07,1371.29,1316.47,1535.75,1534.98,TARGET,14,11.84,2.99,B,75.0,bullish_pin_bar,55.0,1.039,False,False
BHARTIARTL,long,2024-06-10,1421.76,1364.75,1592.79,1418.24,TIME_EXIT,15,-0.35,-0.06,A,85.0,"bullish_marubozu,breakout_5d_high",63.0,1.054,False,False
BHARTIARTL,long,2025-02-01,1627.81,1568.61,1805.41,1638.43,TIME_EXIT,15,0.55,0.18,A,85.0,bullish_pin_bar,57.0,1.039,True,False
BHARTIARTL,long,2025-02-05,1670.83,1604.37,1870.21,1603.57,SL,13,-4.13,-1.01,S,90.0,"bullish_pin_bar,breakout_5d_high",57.0,1.037,True,False
BHARTIARTL,long,2025-04-16,1803.3,1731.35,2019.15,1847.48,TIME_EXIT,15,2.35,0.61,S,90.0,breakout_5d_high,63.0,1.055,True,False
BHARTIARTL,long,2025-04-21,1899.35,1823.79,2126.03,1822.88,SL,4,-4.13,-1.01,S,90.0,breakout_5d_high,73.0,1.088,True,False
BHARTIARTL,long,2025-05-07,1901.95,1825.91,2130.07,1825.0,SL,4,-4.15,-1.01,S,90.0,breakout_5d_high,69.0,1.037,True,False
KOTAKBANK,long,2025-01-21,384.38,369.02,430.46,391.83,TIME_EXIT,15,1.84,0.49,S,95.0,breakout_5d_high,64.0,1.113,True,False
KOTAKBANK,long,2025-02-14,395.0,379.22,442.34,379.03,SL,9,-4.14,-1.01,S,95.0,breakout_5d_high,66.0,1.13,True,False
KOTAKBANK,long,2025-03-13,395.34,379.48,442.92,407.37,TIME_EXIT,15,2.94,0.76,S,90.0,breakout_5d_high,50.0,1.061,True,False
KOTAKBANK,long,2025-03-20,406.4,390.23,454.91,423.83,TIME_EXIT,15,4.19,1.08,S,90.0,breakout_5d_high,61.0,1.042,True,False
KOTAKBANK,long,2025-12-12,436.56,419.12,488.88,437.96,TIME_EXIT,15,0.22,0.08,S,90.0,"bullish_engulfing,breakout_5d_high",72.0,1.05,True,False
BAJFINANCE,short,2023-11-16,694.11,723.01,607.41,723.37,SL,1,-4.32,-1.01,B,75.0,breakout_5d_low,28.0,0.902,False,False
BAJFINANCE,short,2023-12-28,727.14,756.07,640.35,756.44,SL,5,-4.13,-1.01,B,70.0,bearish_pin_bar,41.0,0.932,False,False
BAJFINANCE,short,2024-11-29,651.57,677.61,573.45,677.95,SL,4,-4.15,-1.01,A,85.0,"bearish_engulfing,bearish_marubozu",29.0,0.948,False,True
BAJFINANCE,long,2025-01-29,766.11,735.68,857.4,856.97,TARGET,6,11.76,2.99,S,90.0,breakout_5d_high,57.0,1.148,True,False
BAJFINANCE,long,2025-01-30,785.39,754.35,878.51,843.52,TIME_EXIT,15,7.3,1.87,S,90.0,breakout_5d_high,63.0,1.147,True,False
BAJFINANCE,long,2025-01-31,792.9,761.3,887.7,839.53,TIME_EXIT,15,5.78,1.48,S,90.0,breakout_5d_high,66.0,1.113,True,False
BAJFINANCE,long,2025-03-24,910.05,874.39,1017.03,873.95,SL,5,-4.07,-1.01,A,85.0,breakout_5d_high,64.0,1.038,True,False
BAJFINANCE,long,2025-06-10,970.48,932.05,1085.77,931.59,SL,3,-4.11,-1.01,A,85.0,breakout_5d_high,67.0,1.058,True,False
BAJFINANCE,long,2025-07-24,970.48,931.75,1086.67,931.29,SL,1,-4.14,-1.01,S,90.0,"bullish_marubozu,breakout_5d_high",72.0,1.044,True,False
BAJFINANCE,short,2026-01-01,987.71,1027.18,869.3,943.32,TIME_EXIT,15,4.39,1.12,B,75.0,breakout_5d_low,34.0,0.959,False,False
BAJFINANCE,short,2026-01-06,977.51,1016.66,860.06,935.62,TIME_EXIT,15,4.19,1.07,B,70.0,bearish_pin_bar,32.0,0.932,False,False
BAJFINANCE,short,2026-01-07,972.56,1011.65,855.29,935.62,TIME_EXIT,15,3.7,0.95,B,70.0,bearish_pin_bar,37.0,0.944,False,False
BAJFINANCE,short,2026-01-28,914.24,950.83,804.47,951.31,SL,4,-4.15,-1.01,B,75.0,breakout_5d_low,27.0,0.944,False,False
BAJFINANCE,short,2026-02-03,959.52,995.67,851.07,996.17,SL,7,-3.92,-1.01,B,75.0,breakout_5d_low,34.0,0.958,False,False
BAJFINANCE,short,2026-04-01,832.38,864.44,736.2,864.88,SL,4,-4.0,-1.01,A,85.0,bearish_marubozu,30.0,0.903,False,True
HINDUNILVR,short,2023-09-18,2470.11,2549.41,2232.21,2550.69,SL,15,-3.36,-1.02,A,80.0,"bearish_pin_bar,breakout_5d_low",30.0,0.924,False,False
HINDUNILVR,short,2024-02-16,2368.76,2462.79,2086.67,2391.05,TIME_EXIT,15,-1.04,-0.24,A,80.0,breakout_5d_low,33.0,0.92,False,False
HINDUNILVR,short,2024-02-23,2387.36,2482.88,2100.8,2301.1,TIME_EXIT,15,3.51,0.9,B,75.0,bearish_engulfing,35.0,0.944,False,False
HINDUNILVR,short,2024-03-19,2282.11,2374.11,2006.11,2233.42,TIME_EXIT,15,2.03,0.53,A,80.0,breakout_5d_low,29.0,0.968,False,False
HINDUNILVR,short,2024-03-20,2248.88,2339.56,1976.83,2195.15,TIME_EXIT,15,2.29,0.59,A,80.0,breakout_5d_low,25.0,0.963,False,False
HINDUNILVR,short,2024-04-15,2226.59,2283.24,2056.64,2284.38,SL,14,-2.7,-1.02,A,80.0,breakout_5d_low,47.0,0.931,False,False
HINDUNILVR,short,2024-04-16,2181.91,2269.67,1918.63,2270.8,SL,4,-4.17,-1.01,A,85.0,"bearish_marubozu,breakout_5d_low",36.0,0.937,False,False
HINDUNILVR,short,2024-04-19,2218.89,2293.04,1996.44,2294.19,SL,11,-3.49,-1.02,B,75.0,bearish_pin_bar,43.0,0.953,False,False
HINDUNILVR,short,2024-12-10,2407.5,2503.53,2119.41,2323.26,TIME_EXIT,15,3.4,0.88,A,80.0,breakout_5d_low,47.0,0.953,False,False
HINDUNILVR,short,2024-12-13,2343.78,2437.58,2062.38,2377.39,TIME_EXIT,15,-1.53,-0.36,S,90.0,breakout_5d_low,35.0,0.927,False,True
HINDUNILVR,short,2025-12-11,2295.15,2387.22,2018.94,2349.17,TIME_EXIT,15,-2.45,-0.59,A,85.0,bearish_pin_bar,29.0,0.954,False,True
HINDUNILVR,short,2025-12-15,2259.47,2349.89,1988.21,2351.06,SL,13,-4.15,-1.01,S,90.0,"bearish_engulfing,breakout_5d_low",25.0,0.926,False,True
ITC,short,2024-02-07,418.66,435.28,368.8,393.35,TIME_EXIT,15,5.94,1.52,A,80.0,breakout_5d_low,26.0,0.901,False,False
ITC,short,2024-06-24,404.22,420.38,355.74,420.59,SL,10,-4.15,-1.01,S,90.0,breakout_5d_low,45.0,0.929,False,True
ITC,short,2025-08-19,406.15,419.65,365.65,419.86,SL,11,-3.48,-1.02,S,90.0,breakout_5d_low,44.0,0.965,False,True
LT,long,2023-09-29,3041.52,2921.12,3402.72,2956.82,TIME_EXIT,15,-2.88,-0.7,A,85.0,breakout_5d_high,72.0,1.101,False,False
LT,long,2023-10-04,3065.63,2942.7,3434.42,2941.23,SL,14,-4.16,-1.01,A,85.0,breakout_5d_high,74.0,1.132,False,False
LT,long,2023-12-04,3286.64,3159.01,3669.53,3488.31,TIME_EXIT,15,6.04,1.58,A,80.0,breakout_5d_high,74.0,1.032,False,False
LT,long,2024-04-01,3782.74,3632.18,4234.42,3630.36,SL,9,-4.13,-1.01,A,80.0,breakout_5d_high,59.0,1.067,False,False
LT,long,2024-12-04,3776.89,3625.41,4231.33,3623.59,SL,12,-4.16,-1.01,S,90.0,breakout_5d_high,61.0,1.038,True,False
LT,long,2025-10-16,3832.22,3679.07,4291.67,3916.54,TIME_EXIT,15,2.1,0.55,S,95.0,"bullish_marubozu,breakout_5d_high",67.0,1.04,True,False
AXISBANK,long,2023-12-01,1075.94,1032.97,1204.85,1087.76,TIME_EXIT,15,1.0,0.28,A,80.0,breakout_5d_high,66.0,1.037,False,False
AXISBANK,long,2023-12-04,1121.06,1076.87,1253.63,1093.7,TIME_EXIT,15,-2.54,-0.62,A,80.0,breakout_5d_high,71.0,1.065,False,False
AXISBANK,long,2023-12-05,1137.37,1092.35,1272.43,1091.8,SL,12,-4.11,-1.01,A,80.0,"bullish_pin_bar,breakout_5d_high",73.0,1.059,False,False
AXISBANK,long,2024-05-02,1156.58,1109.94,1296.5,1109.38,SL,7,-4.18,-1.01,A,85.0,breakout_5d_high,71.0,1.1,False,False
AXISBANK,long,2024-06-04,1224.61,1175.65,1371.49,1175.06,SL,1,-4.15,-1.01,A,80.0,breakout_5d_high,72.0,1.036,False,False
AXISBANK,long,2024-06-20,1230.72,1181.65,1377.93,1296.1,TIME_EXIT,15,5.21,1.33,A,80.0,breakout_5d_high,60.0,1.033,False,False
AXISBANK,long,2025-04-16,1123.26,1078.75,1256.79,1150.52,TIME_EXIT,15,2.33,0.61,A,80.0,breakout_5d_high,59.0,1.06,False,False
AXISBANK,long,2025-04-17,1156.18,1109.73,1295.53,1202.4,TIME_EXIT,15,3.9,1.0,A,80.0,breakout_5d_high,62.0,1.099,False,False
AXISBANK,long,2025-04-21,1202.6,1154.97,1345.49,1154.39,SL,4,-4.11,-1.01,A,80.0,breakout_5d_high,63.0,1.087,False,False
AXISBANK,long,2025-04-22,1231.02,1182.1,1377.78,1181.5,SL,3,-4.12,-1.01,S,95.0,breakout_5d_high,73.0,1.119,True,False
AXISBANK,long,2025-10-17,1196.9,1163.7,1296.5,1221.89,TIME_EXIT,15,1.99,0.75,S,90.0,breakout_5d_high,56.0,1.052,True,False
AXISBANK,long,2025-10-24,1254.83,1204.48,1405.88,1248.98,TIME_EXIT,15,-0.57,-0.12,S,90.0,breakout_5d_high,72.0,1.045,True,False
AXISBANK,long,2025-11-19,1268.63,1218.01,1420.49,1277.96,TIME_EXIT,15,0.64,0.18,S,90.0,breakout_5d_high,61.0,1.046,True,False
AXISBANK,long,2026-01-30,1352.68,1298.13,1516.33,1367.62,TIME_EXIT,15,1.0,0.27,S,90.0,bullish_engulfing,65.0,1.104,True,False
AXISBANK,long,2026-02-02,1339.67,1284.85,1504.13,1386.01,TIME_EXIT,15,3.36,0.85,S,95.0,breakout_5d_high,70.0,1.11,True,False
AXISBANK,long,2026-04-28,1312.66,1259.69,1471.57,1259.06,SL,2,-4.18,-1.01,A,85.0,bullish_pin_bar,66.0,1.056,True,False
MARUTI,long,2024-03-21,12005.0,11527.35,13437.95,12496.45,TIME_EXIT,15,3.99,1.03,A,80.0,breakout_5d_high,73.0,1.06,False,False
MARUTI,long,2024-08-01,13399.7,12875.07,14973.59,12868.63,SL,1,-4.06,-1.01,S,90.0,breakout_5d_high,63.0,1.053,True,False
MARUTI,long,2025-01-15,11896.5,11426.85,13305.45,13298.79,TARGET,14,11.69,2.99,A,85.0,bullish_marubozu,71.0,1.108,False,False
MARUTI,long,2025-01-16,11987.44,11509.54,13421.14,13414.43,TARGET,13,11.8,2.99,A,85.0,breakout_5d_high,72.0,1.128,False,False
MARUTI,long,2025-02-01,12326.16,11833.73,13803.45,12317.29,TIME_EXIT,15,-0.17,-0.02,B,75.0,bullish_engulfing,73.0,1.053,False,False
MARUTI,long,2025-08-13,12846.42,12332.82,14387.22,14380.03,TARGET,5,11.84,2.99,S,90.0,breakout_5d_high,57.0,1.054,True,False
MARUTI,long,2025-09-24,16196.09,15552.21,18127.73,16289.85,TIME_EXIT,15,0.48,0.15,S,95.0,breakout_5d_high,74.0,1.105,True,False
WIPRO,short,2023-10-20,197.43,205.34,173.7,190.92,TIME_EXIT,15,3.2,0.82,A,80.0,breakout_5d_low,40.0,0.932,False,False
WIPRO,short,2023-11-13,191.2,195.05,179.65,195.15,SL,1,-2.16,-1.03,A,80.0,breakout_5d_low,28.0,0.927,False,False
WIPRO,short,2024-04-18,226.14,235.1,199.26,235.21,SL,6,-4.11,-1.01,A,85.0,breakout_5d_low,26.0,0.866,False,False
WIPRO,short,2024-04-19,219.89,228.77,193.25,228.88,SL,1,-4.19,-1.01,A,85.0,breakout_5d_low,27.0,0.861,False,False
WIPRO,short,2024-04-29,233.71,243.0,205.84,230.77,TIME_EXIT,15,1.16,0.32,B,75.0,bearish_pin_bar,34.0,0.95,False,False
WIPRO,short,2024-05-28,226.89,234.41,204.33,234.52,SL,8,-3.47,-1.02,A,85.0,"bearish_marubozu,breakout_5d_low",44.0,0.966,False,False
WIPRO,short,2025-03-21,263.87,274.59,231.71,274.73,SL,2,-4.21,-1.01,A,80.0,bearish_pin_bar,30.0,0.849,False,False
WIPRO,short,2025-04-07,230.93,240.78,201.38,240.9,SL,1,-4.42,-1.01,A,85.0,breakout_5d_low,35.0,0.843,False,False
WIPRO,short,2025-09-29,236.76,246.19,208.47,246.31,SL,6,-4.13,-1.01,S,95.0,"bearish_marubozu,breakout_5d_low",42.0,0.936,False,True
WIPRO,short,2025-10-24,244.88,254.65,215.57,244.17,TIME_EXIT,15,0.19,0.07,A,85.0,bearish_pin_bar,54.0,0.951,False,True
WIPRO,short,2026-01-28,235.38,244.77,207.21,244.89,SL,4,-4.14,-1.01,S,90.0,breakout_5d_low,25.0,0.916,False,True
WIPRO,short,2026-02-13,210.54,219.3,184.26,219.41,SL,2,-4.31,-1.01,S,100.0,"bearish_marubozu,breakout_5d_low",27.0,0.837,False,True
WIPRO,short,2026-02-16,214.51,223.07,188.83,201.03,TIME_EXIT,15,6.19,1.58,S,95.0,breakout_5d_low,25.0,0.829,False,True
WIPRO,short,2026-03-12,200.96,209.05,176.69,204.82,TIME_EXIT,15,-2.02,-0.48,A,85.0,bearish_pin_bar,32.0,0.949,False,True
HCLTECH,short,2024-04-29,1414.29,1473.24,1237.44,1343.72,TIME_EXIT,15,4.89,1.2,B,75.0,bearish_engulfing,34.0,0.926,False,False
HCLTECH,short,2025-04-02,1514.24,1575.45,1330.61,1331.28,TARGET,3,11.98,2.99,A,80.0,breakout_5d_low,46.0,0.928,False,False
HCLTECH,short,2025-04-07,1344.33,1401.21,1173.69,1401.91,SL,1,-4.38,-1.01,A,85.0,breakout_5d_low,32.0,0.882,False,False
HCLTECH,short,2025-04-08,1379.31,1434.27,1214.43,1434.99,SL,4,-4.14,-1.01,A,85.0,breakout_5d_low,26.0,0.882,False,False
HCLTECH,short,2026-04-23,1289.36,1340.77,1135.12,1135.69,TARGET,15,11.82,2.99,S,90.0,breakout_5d_low,42.0,0.924,False,True
HCLTECH,short,2026-04-24,1263.77,1314.87,1110.47,1111.02,TARGET,14,11.99,2.99,S,90.0,breakout_5d_low,40.0,0.916,False,True
TECHM,short,2023-10-20,1169.41,1216.3,1028.75,1131.92,TIME_EXIT,15,3.11,0.8,A,80.0,"bearish_pin_bar,breakout_5d_low",30.0,0.933,False,False
TECHM,short,2024-04-15,1234.38,1281.28,1093.68,1281.92,SL,8,-3.95,-1.01,A,80.0,breakout_5d_low,44.0,0.953,False,False
TECHM,short,2024-04-19,1162.47,1209.66,1020.9,1210.26,SL,1,-4.21,-1.01,A,80.0,breakout_5d_low,31.0,0.921,False,False
TECHM,short,2025-10-16,1465.27,1523.63,1290.19,1398.5,TIME_EXIT,15,4.46,1.14,B,75.0,bearish_engulfing,52.0,0.949,False,False
TECHM,short,2025-11-07,1399.4,1455.94,1229.78,1456.67,SL,3,-4.19,-1.01,B,75.0,bearish_pin_bar,32.0,0.967,False,False
SUNPHARMA,long,2024-01-19,1340.67,1287.24,1500.96,1500.21,TARGET,12,11.8,2.99,B,75.0,bullish_engulfing,71.0,1.068,False,False
SUNPHARMA,long,2024-01-30,1402.6,1346.57,1570.69,1537.93,TIME_EXIT,15,9.55,2.42,A,85.0,"bullish_engulfing,breakout_5d_high",74.0,1.112,False,False
SUNPHARMA,long,2024-02-06,1450.72,1392.17,1626.37,1581.96,TIME_EXIT,15,8.95,2.24,S,90.0,"bullish_marubozu,breakout_5d_high",73.0,1.109,False,False
SUNPHARMA,long,2024-03-26,1595.85,1531.49,1788.93,1530.72,SL,12,-4.18,-1.01,A,80.0,breakout_5d_high,60.0,1.038,False,False
SUNPHARMA,long,2024-07-25,1615.66,1550.88,1810.0,1741.88,TIME_EXIT,15,7.71,1.95,S,90.0,breakout_5d_high,70.0,1.045,True,False
SUNPHARMA,long,2024-08-26,1780.89,1730.74,1931.34,1862.02,TIME_EXIT,15,4.46,1.62,S,90.0,breakout_5d_high,67.0,1.048,True,False
SUNPHARMA,long,2024-12-31,1877.74,1802.38,2103.82,1801.48,SL,8,-4.16,-1.01,S,90.0,breakout_5d_high,72.0,1.08,True,False
SUNPHARMA,long,2025-07-31,1716.36,1653.96,1903.56,1653.13,SL,1,-3.78,-1.01,A,80.0,breakout_5d_high,70.0,1.058,False,False
SUNPHARMA,long,2025-11-20,1790.89,1719.54,2004.97,1806.3,TIME_EXIT,15,0.76,0.22,S,90.0,breakout_5d_high,70.0,1.048,True,False
SUNPHARMA,long,2026-03-05,1750.88,1693.78,1922.17,1792.7,TIME_EXIT,15,2.29,0.73,S,90.0,bullish_marubozu,60.0,1.081,True,False
SUNPHARMA,long,2026-03-09,1773.79,1701.81,1989.73,1727.64,TIME_EXIT,15,-2.7,-0.64,S,95.0,breakout_5d_high,72.0,1.108,True,False
SUNPHARMA,long,2026-03-10,1810.9,1738.6,2027.81,1737.74,SL,7,-4.14,-1.01,S,95.0,breakout_5d_high,73.0,1.14,True,False
SUNPHARMA,long,2026-03-23,1775.69,1710.59,1970.99,1709.73,SL,6,-3.81,-1.01,S,95.0,bullish_marubozu,59.0,1.142,True,False
DRREDDY,long,2025-07-30,1298.75,1246.76,1454.72,1246.14,SL,2,-4.15,-1.01,S,90.0,breakout_5d_high,63.0,1.048,True,False
DRREDDY,long,2026-02-24,1308.15,1255.85,1465.05,1255.23,SL,4,-4.15,-1.01,S,90.0,breakout_5d_high,75.0,1.031,True,False
CIPLA,long,2024-01-11,1340.52,1287.35,1500.03,1286.71,SL,4,-4.11,-1.01,A,85.0,"bullish_marubozu,breakout_5d_high",71.0,1.072,False,False
CIPLA,long,2024-01-24,1409.7,1353.34,1578.78,1352.67,SL,2,-4.15,-1.01,A,85.0,breakout_5d_high,74.0,1.146,False,False
CIPLA,long,2024-03-01,1494.75,1435.54,1672.38,1434.82,SL,11,-4.11,-1.01,B,75.0,bullish_pin_bar,61.0,1.053,False,False
CIPLA,long,2024-08-09,1575.59,1512.79,1763.99,1645.83,TIME_EXIT,15,4.36,1.12,S,90.0,breakout_5d_high,67.0,1.046,True,False
CIPLA,long,2024-09-02,1669.83,1603.63,1868.43,1657.32,TIME_EXIT,15,-0.85,-0.19,S,95.0,"bullish_engulfing,bullish_marubozu,breakout_5d_high",71.0,1.061,True,False
CIPLA,long,2025-07-29,1564.18,1501.3,1752.82,1500.55,SL,3,-4.17,-1.01,S,90.0,breakout_5d_high,73.0,1.079,True,False
DIVISLAB,long,2024-04-26,3851.92,3698.17,4313.17,4014.54,TIME_EXIT,15,4.12,1.06,A,80.0,breakout_5d_high,63.0,1.097,False,False
DIVISLAB,long,2024-05-24,4115.06,3950.54,4608.62,4606.31,TARGET,14,11.84,2.99,A,80.0,breakout_5d_high,62.0,1.063,False,False
DIVISLAB,long,2024-05-28,4244.87,4074.66,4755.5,4477.46,TIME_EXIT,15,5.38,1.37,A,80.0,breakout_5d_high,70.0,1.09,False,False
DIVISLAB,long,2024-06-14,4597.3,4413.56,5148.52,4461.97,TIME_EXIT,15,-3.04,-0.74,A,85.0,breakout_5d_high,73.0,1.12,False,False
DIVISLAB,long,2024-08-01,4932.47,4735.54,5523.25,4733.17,SL,9,-4.14,-1.01,A,85.0,bullish_pin_bar,71.0,1.041,True,False
DIVISLAB,long,2024-09-30,5475.69,5257.37,6130.65,5254.74,SL,2,-4.14,-1.01,A,85.0,bullish_engulfing,72.0,1.033,True,False
DIVISLAB,long,2024-11-26,6152.22,5906.68,6888.84,5903.73,SL,2,-4.14,-1.01,S,90.0,breakout_5d_high,64.0,1.078,True,False
DIVISLAB,long,2024-12-03,6283.14,6032.93,7033.77,6029.91,SL,2,-4.13,-1.01,S,90.0,breakout_5d_high,64.0,1.059,True,False
DIVISLAB,long,2025-04-25,6243.12,5994.5,6988.98,5991.5,SL,1,-4.13,-1.01,S,90.0,breakout_5d_high,68.0,1.032,True,False
DIVISLAB,long,2025-05-20,6583.29,6320.09,7372.89,6670.66,TIME_EXIT,15,1.23,0.33,S,95.0,breakout_5d_high,73.0,1.116,True,False
DIVISLAB,long,2025-05-27,6728.36,6458.88,7536.8,6534.73,TIME_EXIT,15,-2.98,-0.72,S,90.0,breakout_5d_high,69.0,1.077,True,False
DIVISLAB,long,2025-11-07,6877.94,6602.6,7703.96,6599.3,SL,2,-4.15,-1.01,S,95.0,breakout_5d_high,71.0,1.11,True,False
TATAMOTORS,long,2026-02-12,491.3,471.81,549.77,471.57,SL,5,-4.12,-1.01,A,85.0,breakout_5d_high,72.0,1.139,False,False
TATAMOTORS,long,2026-02-13,494.25,474.32,554.04,474.08,SL,4,-4.18,-1.01,A,85.0,breakout_5d_high,72.0,1.142,False,False
TATAMOTORS,long,2026-02-27,495.25,475.6,554.2,475.36,SL,2,-4.12,-1.01,A,80.0,breakout_5d_high,65.0,1.042,False,False
TATAMOTORS,long,2026-03-02,485.24,465.03,545.87,464.8,SL,4,-4.31,-1.01,A,85.0,breakout_5d_high,66.0,1.108,False,False
M&M,long,2024-02-06,1711.81,1643.67,1916.23,1642.84,SL,3,-4.13,-1.01,A,80.0,breakout_5d_high,62.0,1.032,False,False
M&M,long,2024-02-19,1836.97,1763.55,2057.23,1894.2,TIME_EXIT,15,3.02,0.78,A,85.0,breakout_5d_high,73.0,1.124,False,False
M&M,long,2024-05-02,2166.18,2079.93,2424.93,2423.72,TARGET,11,11.79,2.99,S,90.0,"bullish_marubozu,breakout_5d_high",60.0,1.109,False,False
M&M,long,2024-09-24,3021.51,2899.52,3387.48,3066.47,TIME_EXIT,15,1.39,0.37,S,95.0,"bullish_marubozu,breakout_5d_high",73.0,1.053,True,False
M&M,long,2024-10-09,3166.38,3039.75,3546.27,3038.23,SL,6,-4.15,-1.01,S,95.0,bullish_marubozu,72.0,1.165,True,False
M&M,long,2025-01-03,3216.61,3088.17,3601.93,3086.62,SL,2,-4.14,-1.01,S,90.0,breakout_5d_high,62.0,1.071,True,False
M&M,long,2025-02-05,3190.64,3063.08,3573.32,3061.55,SL,5,-4.15,-1.01,S,90.0,breakout_5d_high,65.0,1.031,True,False
M&M,long,2025-06-23,3165.18,3037.8,3547.32,3090.55,TIME_EXIT,15,-2.46,-0.59,S,90.0,breakout_5d_high,68.0,1.046,True,False
M&M,long,2025-08-19,3401.7,3266.38,3807.66,3264.75,SL,7,-4.13,-1.01,S,90.0,breakout_5d_high,68.0,1.064,True,False
M&M,long,2025-09-05,3512.76,3373.5,3930.54,3394.8,TIME_EXIT,15,-3.46,-0.85,S,90.0,breakout_5d_high,61.0,1.08,True,False
M&M,long,2025-11-12,3762.88,3612.92,4212.76,3647.58,TIME_EXIT,15,-3.16,-0.77,S,90.0,breakout_5d_high,66.0,1.068,True,False
BAJAJ-AUTO,long,2024-01-10,7128.56,6844.8,7979.84,7734.33,TIME_EXIT,15,8.4,2.13,A,85.0,breakout_5d_high,74.0,1.126,False,False
BAJAJ-AUTO,long,2024-03-06,8373.89,8039.82,9376.1,9037.63,TIME_EXIT,15,7.83,1.99,A,80.0,bullish_marubozu,56.0,1.061,False,False
BAJAJ-AUTO,long,2024-03-07,8642.32,8298.09,9675.01,8293.94,SL,3,-4.13,-1.01,A,80.0,breakout_5d_high,61.0,1.09,False,False
BAJAJ-AUTO,long,2024-03-11,9027.96,8672.8,10093.44,8668.47,SL,1,-4.08,-1.01,A,85.0,breakout_5d_high,62.0,1.105,False,False
BAJAJ-AUTO,long,2024-03-26,8949.72,8591.91,10023.15,8800.1,TIME_EXIT,15,-1.77,-0.42,A,80.0,breakout_5d_high,73.0,1.058,False,False
BAJAJ-AUTO,long,2024-03-28,9167.08,8800.58,10266.58,8796.18,SL,11,-4.15,-1.01,A,80.0,breakout_5d_high,72.0,1.084,False,False
BAJAJ-AUTO,long,2024-06-05,9245.62,8875.75,10355.23,9412.74,TIME_EXIT,15,1.71,0.45,B,75.0,bullish_pin_bar,58.0,1.048,False,False
BAJAJ-AUTO,long,2025-05-23,8769.38,8420.04,9817.4,8415.83,SL,6,-4.13,-1.01,B,75.0,bullish_pin_bar,73.0,1.045,False,False
BAJAJ-AUTO,long,2026-05-05,10136.07,9730.79,11351.91,10587.7,TIME_EXIT,15,4.36,1.11,S,90.0,breakout_5d_high,62.0,1.089,True,False
BAJAJ-AUTO,long,2026-05-08,10630.31,10206.11,11902.91,10201.01,SL,6,-4.14,-1.01,S,95.0,"bullish_pin_bar,breakout_5d_high",73.0,1.117,True,False
ULTRACEMCO,long,2024-05-24,10170.08,9763.26,11390.54,9758.38,SL,5,-4.15,-1.01,A,80.0,breakout_5d_high,56.0,1.039,False,False
ULTRACEMCO,long,2024-05-27,10283.09,9873.85,11510.81,9868.91,SL,3,-4.13,-1.01,A,80.0,breakout_5d_high,64.0,1.034,False,False
ULTRACEMCO,long,2024-06-04,10480.24,10061.44,11736.64,10056.41,SL,1,-4.14,-1.01,A,80.0,breakout_5d_high,74.0,1.03,False,False
ULTRACEMCO,long,2024-06-10,10500.25,10081.72,11755.84,11749.96,TARGET,12,11.8,2.99,A,80.0,bullish_marubozu,61.0,1.044,False,False
ULTRACEMCO,long,2024-06-11,10909.4,10476.35,12208.55,11866.16,TIME_EXIT,15,8.67,2.21,A,80.0,breakout_5d_high,68.0,1.082,False,False
ULTRACEMCO,long,2024-06-12,10876.94,10439.6,12188.96,11754.17,TIME_EXIT,15,7.97,2.01,A,80.0,breakout_5d_high,68.0,1.088,False,False
ULTRACEMCO,long,2024-12-06,11944.97,11467.66,13376.9,11461.93,SL,10,-4.14,-1.01,A,85.0,bullish_engulfing,72.0,1.046,True,False
ULTRACEMCO,long,2025-06-27,11985.99,11507.95,13420.11,12491.75,TIME_EXIT,15,4.12,1.06,S,95.0,"bullish_marubozu,breakout_5d_high",75.0,1.031,True,False
ULTRACEMCO,long,2026-01-13,12056.02,11609.02,13397.02,12799.6,TIME_EXIT,15,6.07,1.66,A,85.0,bullish_engulfing,72.0,1.042,True,False
ULTRACEMCO,long,2026-01-15,12261.13,11770.93,13731.73,12715.64,TIME_EXIT,15,3.61,0.93,S,90.0,breakout_5d_high,68.0,1.071,True,False
ULTRACEMCO,long,2026-01-28,12646.32,12142.76,14157.0,13045.47,TIME_EXIT,15,3.06,0.79,S,90.0,breakout_5d_high,62.0,1.099,True,False
POWERGRID,short,2025-01-28,287.01,298.49,252.57,298.64,SL,3,-4.15,-1.01,A,80.0,breakout_5d_low,36.0,0.967,False,False
POWERGRID,short,2025-02-06,287.36,298.77,253.13,253.25,TARGET,7,11.77,2.99,B,75.0,bearish_pin_bar,37.0,0.928,False,False
POWERGRID,short,2025-02-11,268.57,279.32,236.32,264.53,TIME_EXIT,15,1.4,0.38,S,90.0,breakout_5d_low,30.0,0.918,False,True
POWERGRID,short,2025-02-12,259.37,269.83,227.99,266.78,TIME_EXIT,15,-2.96,-0.71,S,100.0,"bearish_marubozu,breakout_5d_low",28.0,0.881,False,True
POWERGRID,short,2025-02-13,257.12,267.4,226.28,267.54,SL,3,-4.15,-1.01,S,95.0,breakout_5d_low,25.0,0.874,False,True
POWERGRID,short,2025-03-03,252.87,262.9,222.78,263.03,SL,2,-4.12,-1.01,S,95.0,breakout_5d_low,26.0,0.884,False,True
POWERGRID,short,2025-08-28,281.86,293.06,248.26,289.24,TIME_EXIT,15,-2.72,-0.66,A,80.0,breakout_5d_low,36.0,0.958,False,False
POWERGRID,short,2025-11-25,274.86,285.89,241.77,260.48,TIME_EXIT,15,5.13,1.3,B,75.0,bearish_engulfing,33.0,0.95,False,False
NTPC,short,2024-12-13,355.57,369.79,312.91,327.66,TIME_EXIT,15,7.75,1.96,A,80.0,breakout_5d_low,42.0,0.91,False,False
NTPC,short,2024-12-23,335.73,349.06,295.74,310.56,TIME_EXIT,15,7.4,1.89,A,80.0,"bearish_engulfing,breakout_5d_low",29.0,0.924,False,False
NTPC,short,2025-06-02,333.73,347.09,293.65,332.77,TIME_EXIT,15,0.19,0.07,A,80.0,breakout_5d_low,34.0,0.942,False,False
NTPC,short,2025-06-03,332.83,346.13,292.93,330.11,TIME_EXIT,15,0.72,0.2,A,80.0,breakout_5d_low,38.0,0.944,False,False
NTPC,short,2025-06-19,332.23,342.43,301.63,342.61,SL,13,-3.22,-1.02,B,75.0,bearish_engulfing,40.0,0.96,False,False
NESTLEIND,short,2024-05-31,1212.19,1260.29,1067.89,1260.92,SL,3,-4.12,-1.01,A,85.0,"bearish_marubozu,breakout_5d_low",29.0,0.964,False,False
NESTLEIND,short,2024-12-18,1100.92,1144.98,968.74,1128.59,TIME_EXIT,15,-2.61,-0.63,S,90.0,breakout_5d_low,36.0,0.959,False,True
NESTLEIND,short,2024-12-20,1079.46,1122.67,949.83,1123.23,SL,13,-4.15,-1.01,S,90.0,breakout_5d_low,36.0,0.952,False,True
